{"cameraMode":{"drawMode":0,"name":"Shaded","section":"Shading Mode"},"sceneLighting":false,"audioPlay":false,"sceneViewState":{"showFog":true,"showMaterialUpdate":false,"showSkybox":true,"showFlares":true,"showImageEffects":true,"showParticleSystems":true},"in2DMode":false,"pivot":{"x":-633.4700317382813,"y":-415.70806884765627,"z":119.3860092163086},"rotation":{"x":0.2289261668920517,"y":-0.6078770756721497,"z":0.18742074072360993,"w":0.7370335459709168},"size":813.126220703125,"orthographic":false}