{"cameraMode":{"drawMode":0,"name":"Shaded","section":"Shading Mode"},"sceneLighting":false,"audioPlay":false,"sceneViewState":{"showFog":true,"showMaterialUpdate":false,"showSkybox":true,"showFlares":true,"showImageEffects":true,"showParticleSystems":true},"in2DMode":false,"pivot":{"x":300.9864196777344,"y":-476.9649353027344,"z":9.632973670959473},"rotation":{"x":0.32740509510040285,"y":0.6285855770111084,"z":-0.33174365758895876,"w":0.6228007674217224},"size":657.8060913085938,"orthographic":false}