{"cameraMode":{"drawMode":0,"name":"Shaded","section":"Shading Mode"},"sceneLighting":false,"audioPlay":false,"sceneViewState":{"showFog":true,"showMaterialUpdate":false,"showSkybox":false,"showFlares":true,"showImageEffects":true,"showParticleSystems":true},"in2DMode":false,"pivot":{"x":31.67167091369629,"y":1.1151208877563477,"z":15.472090721130371},"rotation":{"x":-0.1758674532175064,"y":-0.5579585433006287,"z":0.12307114154100418,"w":-0.8017714619636536},"size":47.83356857299805,"orthographic":false}