{"cameraMode":{"drawMode":0,"name":"Shaded","section":"Shading Mode"},"sceneLighting":false,"audioPlay":false,"sceneViewState":{"showFog":true,"showMaterialUpdate":false,"showSkybox":true,"showFlares":true,"showImageEffects":true,"showParticleSystems":true},"in2DMode":false,"pivot":{"x":87.83727264404297,"y":-676.3505249023438,"z":216.47201538085938},"rotation":{"x":0.5822609663009644,"y":0.11363465338945389,"z":-0.08383803069591522,"w":0.800813615322113},"size":813.126220703125,"orthographic":false}