{"cameraMode":{"drawMode":0,"name":"Shaded","section":"Shading Mode"},"sceneLighting":false,"audioPlay":false,"sceneViewState":{"showFog":true,"showMaterialUpdate":false,"showSkybox":true,"showFlares":true,"showImageEffects":true,"showParticleSystems":true},"in2DMode":false,"pivot":{"x":-112.62349700927735,"y":-4462.62451171875,"z":1663.056396484375},"rotation":{"x":-0.5707022547721863,"y":0.03312794864177704,"z":-0.02225111611187458,"w":-0.8203240633010864},"size":4865.01708984375,"orthographic":false}