{"cameraMode":{"drawMode":0,"name":"Shaded","section":"Shading Mode"},"sceneLighting":false,"audioPlay":false,"sceneViewState":{"showFog":true,"showMaterialUpdate":false,"showSkybox":false,"showFlares":true,"showImageEffects":true,"showParticleSystems":true},"in2DMode":false,"pivot":{"x":0.0,"y":0.3902680277824402,"z":-0.005401015281677246},"rotation":{"x":0.5822609663009644,"y":0.11363465338945389,"z":-0.08383803069591522,"w":0.800813615322113},"size":11.2261381149292,"orthographic":false}