{"cameraMode":{"drawMode":0,"name":"Shaded","section":"Shading Mode"},"sceneLighting":false,"audioPlay":false,"sceneViewState":{"showFog":true,"showMaterialUpdate":false,"showSkybox":true,"showFlares":true,"showImageEffects":true,"showParticleSystems":true},"in2DMode":false,"pivot":{"x":2259.22802734375,"y":-2888.371826171875,"z":-1888.9609375},"rotation":{"x":0.15822987258434297,"y":0.8399569988250732,"z":-0.34147390723228457,"w":0.3912198841571808},"size":4324.9677734375,"orthographic":false}