{"cameraMode":{"drawMode":0,"name":"Shaded","section":"Shading Mode"},"sceneLighting":false,"audioPlay":false,"sceneViewState":{"showFog":true,"showMaterialUpdate":false,"showSkybox":true,"showFlares":true,"showImageEffects":true,"showParticleSystems":true},"in2DMode":false,"pivot":{"x":472.2251281738281,"y":-526.3812866210938,"z":104.06217193603516},"rotation":{"x":-0.301929235458374,"y":-0.5942996144294739,"z":0.25794464349746706,"w":-0.6995431780815125},"size":818.0860595703125,"orthographic":false}